{
  "epoch": [
    1,
    2,
    3,
    4,
    5,
    6,
    7,
    8,
    9,
    10,
    11,
    12,
    13,
    14,
    15,
    16,
    17,
    18,
    19,
    20,
    21,
    22,
    23,
    24,
    25
  ],
  "train_loss": [
    0.6678010074471615,
    0.6304678647912622,
    0.6235261244302055,
    0.6194093087438829,
    0.61681749802823,
    0.6148976754194725,
    0.6131168656347249,
    0.6114526754554848,
    0.6109358430730553,
    0.609442527518462,
    0.6088704858141417,
    0.6076097434502932,
    0.6071340754229367,
    0.6063002550737314,
    0.6056310478884905,
    0.6046118020092871,
    0.6043490046228902,
    0.6038718133898934,
    0.6033111590731947,
    0.6041801870352643,
    0.6025804534058985,
    0.598729488236674,
    0.5976738482592846,
    0.5972985974773584,
    0.5968702323583694
  ],
  "val_loss": [
    0.6887317769434473,
    0.678503547308095,
    0.6752128831427032,
    0.6728429984335506,
    0.6677363681683847,
    0.6700537008566594,
    0.666970005754484,
    0.6669609787267282,
    0.6675638723264047,
    0.6674476922788751,
    0.6674081780221484,
    0.666717154238749,
    0.6681106516390766,
    0.6681595497995342,
    0.666619509185126,
    0.6671177965648677,
    0.6691189622933712,
    0.668603237274043,
    0.6720476022690808,
    0.6700416770550089,
    0.6715264967001906,
    0.6688817539209619,
    0.6690567526795449,
    0.6701834571607616,
    0.670289452606385
  ],
  "val_rmse": [
    0.8337322273819396,
    0.8275211219742596,
    0.8255345115771918,
    0.8240996360584516,
    0.8209600889701549,
    0.8223915275539931,
    0.8204857779461071,
    0.820473718695342,
    0.8208595631534676,
    0.8207861486579594,
    0.8207579720139306,
    0.8203377129449335,
    0.8211915165763543,
    0.8212242146222403,
    0.8202754421037967,
    0.8205884923317249,
    0.8218137536961524,
    0.8214936971022128,
    0.8236039386163201,
    0.8223825403306456,
    0.8232937363383407,
    0.8216615029715053,
    0.8217722302718025,
    0.8224677700464607,
    0.8225282082170089
  ],
  "val_mae": [
    